date,ticker,close
2024-01-01,SPY,100.107
2024-01-02,SPY,100.2271
2024-01-03,SPY,100.3602
2024-01-04,SPY,100.5059
2024-01-05,SPY,100.6638
2024-01-06,SPY,100.8335
2024-01-07,SPY,101.0142
2024-01-08,SPY,101.2054
2024-01-09,SPY,101.4062
2024-01-10,SPY,101.6158
2024-01-11,SPY,101.8332
2024-01-12,SPY,102.0573
2024-01-13,SPY,102.2871
2024-01-14,SPY,102.5214
2024-01-15,SPY,102.7589
2024-01-16,SPY,102.9985
2024-01-17,SPY,103.2388
2024-01-18,SPY,103.4785
2024-01-19,SPY,103.7162
2024-01-20,SPY,103.9507
2024-01-21,SPY,104.1805
2024-01-22,SPY,104.4043
2024-01-23,SPY,104.6209
2024-01-24,SPY,104.8289
2024-01-25,SPY,105.0272
2024-01-26,SPY,105.2147
2024-01-27,SPY,105.3901
2024-01-28,SPY,105.5526
2024-01-29,SPY,105.7012
2024-01-30,SPY,105.835
2024-01-31,SPY,105.9535
2024-02-01,SPY,106.0559
2024-02-02,SPY,106.1419
2024-02-03,SPY,106.211
2024-02-04,SPY,106.263
2024-02-05,SPY,106.2977
2024-02-06,SPY,106.3154
2024-02-07,SPY,106.316
2024-02-08,SPY,106.2998
2024-02-09,SPY,106.2673
2024-02-10,SPY,106.219
2024-02-11,SPY,106.1556
2024-02-12,SPY,106.0777
2024-02-13,SPY,105.9863
2024-02-14,SPY,105.8823
2024-02-15,SPY,105.7667
2024-02-16,SPY,105.6407
2024-02-17,SPY,105.5054
2024-02-18,SPY,105.362
2024-02-19,SPY,105.2119
2024-02-20,SPY,105.0564
2024-02-21,SPY,104.8967
2024-02-22,SPY,104.7343
2024-02-23,SPY,104.5705
2024-02-24,SPY,104.4067
2024-02-25,SPY,104.244
2024-02-26,SPY,104.084
2024-02-27,SPY,103.9277
2024-02-28,SPY,103.7764
2024-02-29,SPY,103.6312
2024-03-01,SPY,103.4932
2024-03-02,SPY,103.3634
2024-03-03,SPY,103.2428
2024-03-04,SPY,103.1321
2024-03-05,SPY,103.032
2024-03-06,SPY,102.9434
2024-03-07,SPY,102.8666
2024-03-08,SPY,102.8021
2024-03-09,SPY,102.7504
2024-03-10,SPY,102.7116
2024-03-11,SPY,102.6858
2024-03-12,SPY,102.6731
2024-03-13,SPY,102.6735
2024-03-14,SPY,102.6867
2024-03-15,SPY,102.7124
2024-03-16,SPY,102.7503
2024-03-17,SPY,102.8
2024-03-18,SPY,102.8608
2024-03-19,SPY,102.9321
2024-03-20,SPY,103.0131
2024-03-21,SPY,103.1031
2024-03-22,SPY,103.2013
2024-03-23,SPY,103.3066
2024-03-24,SPY,103.418
2024-03-25,SPY,103.5347
2024-03-26,SPY,103.6554
2024-03-27,SPY,103.7792
2024-03-28,SPY,103.9048
2024-03-29,SPY,104.0313
2024-03-30,SPY,104.1574
2024-03-31,SPY,104.2821
2024-04-01,SPY,104.4043
2024-04-02,SPY,104.5229
2024-04-03,SPY,104.637
2024-04-04,SPY,104.7456
2024-04-05,SPY,104.8478
2024-04-06,SPY,104.9427
2024-04-07,SPY,105.0297
2024-04-08,SPY,105.108
2024-04-09,SPY,105.1772
2024-04-10,SPY,105.2366
2024-04-11,SPY,105.286
2024-04-12,SPY,105.325
2024-04-13,SPY,105.3536
2024-04-14,SPY,105.3716
2024-04-15,SPY,105.379
2024-04-16,SPY,105.3762
2024-04-17,SPY,105.3633
2024-04-18,SPY,105.3408
2024-04-19,SPY,105.309
2024-04-20,SPY,105.2687
2024-04-21,SPY,105.2205
2024-04-22,SPY,105.1651
2024-04-23,SPY,105.1034
2024-04-24,SPY,105.0364
2024-04-25,SPY,104.965
2024-04-26,SPY,104.8902
2024-04-27,SPY,104.8131
2024-04-28,SPY,104.7349
2024-04-29,SPY,104.6567
2024-04-30,SPY,104.5796
2024-05-01,SPY,104.5049
2024-05-02,SPY,104.4337
2024-05-03,SPY,104.3671
2024-05-04,SPY,104.3062
2024-05-05,SPY,104.2522
2024-05-06,SPY,104.2062
2024-05-07,SPY,104.169
2024-05-08,SPY,104.1417
2024-05-09,SPY,104.1252
2024-05-10,SPY,104.1201
2024-05-11,SPY,104.1274
2024-05-12,SPY,104.1475
2024-05-13,SPY,104.1811
2024-05-14,SPY,104.2286
2024-05-15,SPY,104.2903
2024-05-16,SPY,104.3666
2024-05-17,SPY,104.4575
2024-05-18,SPY,104.5632
2024-05-19,SPY,104.6834
2024-05-20,SPY,104.8181
2024-05-21,SPY,104.967
2024-05-22,SPY,105.1297
2024-05-23,SPY,105.3056
2024-05-24,SPY,105.4942
2024-05-25,SPY,105.6948
2024-05-26,SPY,105.9065
2024-05-27,SPY,106.1285
2024-05-28,SPY,106.3597
2024-05-29,SPY,106.5992
2024-05-30,SPY,106.8458
2024-05-31,SPY,107.0982
2024-06-01,SPY,107.3551
2024-06-02,SPY,107.6154
2024-06-03,SPY,107.8776
2024-06-04,SPY,108.1402
2024-06-05,SPY,108.402
2024-06-06,SPY,108.6614
2024-06-07,SPY,108.9171
2024-06-08,SPY,109.1676
2024-06-09,SPY,109.4115
2024-06-10,SPY,109.6475
2024-06-11,SPY,109.8743
2024-06-12,SPY,110.0906
2024-06-13,SPY,110.2952
2024-06-14,SPY,110.487
2024-06-15,SPY,110.6651
2024-06-16,SPY,110.8284
2024-06-17,SPY,110.9761
2024-06-18,SPY,111.1076
2024-06-19,SPY,111.2224
2024-06-20,SPY,111.3198
2024-06-21,SPY,111.3996
2024-06-22,SPY,111.4617
2024-06-23,SPY,111.5059
2024-06-24,SPY,111.5323
2024-06-25,SPY,111.5412
2024-06-26,SPY,111.5329
2024-06-27,SPY,111.5079
2024-06-28,SPY,111.4667
2024-06-29,SPY,111.4101
2024-06-30,SPY,111.3389
2024-07-01,SPY,111.254
2024-07-02,SPY,111.1564
2024-07-03,SPY,111.0474
2024-07-04,SPY,110.9279
2024-07-05,SPY,110.7994
2024-07-06,SPY,110.663
2024-07-07,SPY,110.5201
2024-07-08,SPY,110.3721
2024-07-09,SPY,110.2203
2024-07-10,SPY,110.0662
2024-07-11,SPY,109.9111
2024-07-12,SPY,109.7564
2024-07-13,SPY,109.6034
2024-07-14,SPY,109.4534
2024-07-15,SPY,109.3077
2024-07-16,SPY,109.1675
2024-07-17,SPY,109.0338
2024-07-18,SPY,108.9077
2024-07-19,SPY,108.7902
2024-07-20,SPY,108.6822
2024-07-21,SPY,108.5845
2024-07-22,SPY,108.4978
2024-07-23,SPY,108.4226
2024-07-24,SPY,108.3594
2024-07-25,SPY,108.3087
2024-07-26,SPY,108.2707
2024-07-27,SPY,108.2455
2024-07-28,SPY,108.2332
2024-07-29,SPY,108.2338
2024-07-30,SPY,108.247
2024-07-31,SPY,108.2726
2024-08-01,SPY,108.3103
2024-08-02,SPY,108.3595
2024-08-03,SPY,108.4196
2024-08-04,SPY,108.4901
2024-08-05,SPY,108.5702
2024-08-06,SPY,108.6589
2024-08-07,SPY,108.7556
2024-08-08,SPY,108.8591
2024-08-09,SPY,108.9684
2024-08-10,SPY,109.0826
2024-08-11,SPY,109.2005
2024-08-12,SPY,109.3209
2024-08-13,SPY,109.4428
2024-08-14,SPY,109.5649
2024-08-15,SPY,109.6862
2024-08-16,SPY,109.8054
2024-08-17,SPY,109.9214
2024-08-18,SPY,110.0333
2024-08-19,SPY,110.1398
2024-08-20,SPY,110.2401
2024-08-21,SPY,110.3331
2024-08-22,SPY,110.4182
2024-08-23,SPY,110.4944
2024-08-24,SPY,110.561
2024-08-25,SPY,110.6176
2024-08-26,SPY,110.6636
2024-08-27,SPY,110.6986
2024-08-28,SPY,110.7224
2024-08-29,SPY,110.7348
2024-08-30,SPY,110.7358
2024-08-31,SPY,110.7254
2024-09-01,SPY,110.7039
2024-09-02,SPY,110.6715
2024-09-03,SPY,110.6287
2024-09-04,SPY,110.576
2024-09-05,SPY,110.514
2024-09-06,SPY,110.4436
2024-09-07,SPY,110.3655
2024-09-08,SPY,110.2806
2024-09-09,SPY,110.1899
2024-09-10,SPY,110.0946
2024-09-11,SPY,109.9956
2024-09-12,SPY,109.8943
2024-09-13,SPY,109.7917
2024-09-14,SPY,109.6892
2024-09-15,SPY,109.5879
2024-09-16,SPY,109.4891
2024-09-17,SPY,109.3942
2024-09-18,SPY,109.3043
2024-09-19,SPY,109.2206
2024-09-20,SPY,109.1444
2024-09-21,SPY,109.0767
2024-09-22,SPY,109.0187
2024-09-23,SPY,108.9715
2024-09-24,SPY,108.9358
2024-09-25,SPY,108.9127
2024-09-26,SPY,108.903
2024-09-27,SPY,108.9073
2024-09-28,SPY,108.9262
2024-09-29,SPY,108.9604
2024-09-30,SPY,109.0101
2024-10-01,SPY,109.0758
2024-10-02,SPY,109.1576
2024-10-03,SPY,109.2555
2024-10-04,SPY,109.3696
2024-10-05,SPY,109.4998
2024-10-06,SPY,109.6456
2024-10-07,SPY,109.8069
2024-10-08,SPY,109.983
2024-10-09,SPY,110.1735
2024-10-10,SPY,110.3775
2024-10-11,SPY,110.5944
2024-10-12,SPY,110.8231
2024-10-13,SPY,111.0626
2024-10-14,SPY,111.312
2024-10-15,SPY,111.57
2024-10-16,SPY,111.8354
2024-10-17,SPY,112.1068
2024-10-18,SPY,112.3829
2024-10-19,SPY,112.6623
2024-10-20,SPY,112.9435
2024-10-21,SPY,113.225
2024-10-22,SPY,113.5054
2024-10-23,SPY,113.7832
2024-10-24,SPY,114.0567
2024-10-25,SPY,114.3247
2024-10-26,SPY,114.5855
2024-10-27,SPY,114.8379
2024-10-28,SPY,115.0805
2024-10-29,SPY,115.3119
2024-10-30,SPY,115.531
2024-10-31,SPY,115.7367
2024-11-01,SPY,115.928
2024-11-02,SPY,116.1038
2024-11-03,SPY,116.2635
2024-11-04,SPY,116.4064
2024-11-05,SPY,116.5318
2024-11-06,SPY,116.6395
2024-11-07,SPY,116.7291
2024-11-08,SPY,116.8004
2024-11-09,SPY,116.8536
2024-11-10,SPY,116.8886
2024-11-11,SPY,116.9059
2024-11-12,SPY,116.9057
2024-11-13,SPY,116.8888
2024-11-14,SPY,116.8556
2024-11-15,SPY,116.8071
2024-01-01,QQQ,50.072
2024-01-02,QQQ,50.1531
2024-01-03,QQQ,50.243
2024-01-04,QQQ,50.3418
2024-01-05,QQQ,50.449
2024-01-06,QQQ,50.5643
2024-01-07,QQQ,50.6874
2024-01-08,QQQ,50.8177
2024-01-09,QQQ,50.9547
2024-01-10,QQQ,51.0979
2024-01-11,QQQ,51.2466
2024-01-12,QQQ,51.4001
2024-01-13,QQQ,51.5576
2024-01-14,QQQ,51.7184
2024-01-15,QQQ,51.8816
2024-01-16,QQQ,52.0463
2024-01-17,QQQ,52.2116
2024-01-18,QQQ,52.3766
2024-01-19,QQQ,52.5405
2024-01-20,QQQ,52.7021
2024-01-21,QQQ,52.8607
2024-01-22,QQQ,53.0152
2024-01-23,QQQ,53.1647
2024-01-24,QQQ,53.3084
2024-01-25,QQQ,53.4454
2024-01-26,QQQ,53.5749
2024-01-27,QQQ,53.6961
2024-01-28,QQQ,53.8082
2024-01-29,QQQ,53.9107
2024-01-30,QQQ,54.0029
2024-01-31,QQQ,54.0843
2024-02-01,QQQ,54.1545
2024-02-02,QQQ,54.2132
2024-02-03,QQQ,54.26
2024-02-04,QQQ,54.2948
2024-02-05,QQQ,54.3176
2024-02-06,QQQ,54.3282
2024-02-07,QQQ,54.327
2024-02-08,QQQ,54.3139
2024-02-09,QQQ,54.2894
2024-02-10,QQQ,54.2538
2024-02-11,QQQ,54.2075
2024-02-12,QQQ,54.1512
2024-02-13,QQQ,54.0853
2024-02-14,QQQ,54.0106
2024-02-15,QQQ,53.9279
2024-02-16,QQQ,53.8378
2024-02-17,QQQ,53.7413
2024-02-18,QQQ,53.6393
2024-02-19,QQQ,53.5325
2024-02-20,QQQ,53.422
2024-02-21,QQQ,53.3087
2024-02-22,QQQ,53.1936
2024-02-23,QQQ,53.0775
2024-02-24,QQQ,52.9615
2024-02-25,QQQ,52.8464
2024-02-26,QQQ,52.7332
2024-02-27,QQQ,52.6227
2024-02-28,QQQ,52.5157
2024-02-29,QQQ,52.413
2024-03-01,QQQ,52.3154
2024-03-02,QQQ,52.2236
2024-03-03,QQQ,52.1381
2024-03-04,QQQ,52.0596
2024-03-05,QQQ,51.9886
2024-03-06,QQQ,51.9254
2024-03-07,QQQ,51.8705
2024-03-08,QQQ,51.8242
2024-03-09,QQQ,51.7867
2024-03-10,QQQ,51.7582
2024-03-11,QQQ,51.7388
2024-03-12,QQQ,51.7284
2024-03-13,QQQ,51.727
2024-03-14,QQQ,51.7345
2024-03-15,QQQ,51.7507
2024-03-16,QQQ,51.7754
2024-03-17,QQQ,51.8082
2024-03-18,QQQ,51.8487
2024-03-19,QQQ,51.8964
2024-03-20,QQQ,51.951
2024-03-21,QQQ,52.0118
2024-03-22,QQQ,52.0783
2024-03-23,QQQ,52.1497
2024-03-24,QQQ,52.2254
2024-03-25,QQQ,52.3048
2024-03-26,QQQ,52.387
2024-03-27,QQQ,52.4714
2024-03-28,QQQ,52.5571
2024-03-29,QQQ,52.6434
2024-03-30,QQQ,52.7295
2024-03-31,QQQ,52.8147
2024-04-01,QQQ,52.8981
2024-04-02,QQQ,52.9791
2024-04-03,QQQ,53.057
2024-04-04,QQQ,53.131
2024-04-05,QQQ,53.2006
2024-04-06,QQQ,53.2652
2024-04-07,QQQ,53.3242
2024-04-08,QQQ,53.3773
2024-04-09,QQQ,53.4239
2024-04-10,QQQ,53.4637
2024-04-11,QQQ,53.4966
2024-04-12,QQQ,53.5222
2024-04-13,QQQ,53.5404
2024-04-14,QQQ,53.5513
2024-04-15,QQQ,53.5549
2024-04-16,QQQ,53.5512
2024-04-17,QQQ,53.5405
2024-04-18,QQQ,53.5231
2024-04-19,QQQ,53.4993
2024-04-20,QQQ,53.4694
2024-04-21,QQQ,53.4341
2024-04-22,QQQ,53.3937
2024-04-23,QQQ,53.349
2024-04-24,QQQ,53.3006
2024-04-25,QQQ,53.2491
2024-04-26,QQQ,53.1952
2024-04-27,QQQ,53.1398
2024-04-28,QQQ,53.0836
2024-04-29,QQQ,53.0275
2024-04-30,QQQ,52.9721
2024-05-01,QQQ,52.9184
2024-05-02,QQQ,52.8672
2024-05-03,QQQ,52.8192
2024-05-04,QQQ,52.7752
2024-05-05,QQQ,52.736
2024-05-06,QQQ,52.7023
2024-05-07,QQQ,52.6748
2024-05-08,QQQ,52.6542
2024-05-09,QQQ,52.641
2024-05-10,QQQ,52.6359
2024-05-11,QQQ,52.6392
2024-05-12,QQQ,52.6516
2024-05-13,QQQ,52.6733
2024-05-14,QQQ,52.7047
2024-05-15,QQQ,52.746
2024-05-16,QQQ,52.7974
2024-05-17,QQQ,52.859
2024-05-18,QQQ,52.9308
2024-05-19,QQQ,53.0128
2024-05-20,QQQ,53.105
2024-05-21,QQQ,53.2071
2024-05-22,QQQ,53.3188
2024-05-23,QQQ,53.4398
2024-05-24,QQQ,53.5697
2024-05-25,QQQ,53.7081
2024-05-26,QQQ,53.8543
2024-05-27,QQQ,54.0079
2024-05-28,QQQ,54.168
2024-05-29,QQQ,54.334
2024-05-30,QQQ,54.5051
2024-05-31,QQQ,54.6804
2024-06-01,QQQ,54.8591
2024-06-02,QQQ,55.0403
2024-06-03,QQQ,55.2229
2024-06-04,QQQ,55.4061
2024-06-05,QQQ,55.5888
2024-06-06,QQQ,55.7699
2024-06-07,QQQ,55.9486
2024-06-08,QQQ,56.1238
2024-06-09,QQQ,56.2945
2024-06-10,QQQ,56.4597
2024-06-11,QQQ,56.6185
2024-06-12,QQQ,56.77
2024-06-13,QQQ,56.9133
2024-06-14,QQQ,57.0476
2024-06-15,QQQ,57.1722
2024-06-16,QQQ,57.2864
2024-06-17,QQQ,57.3896
2024-06-18,QQQ,57.4814
2024-06-19,QQQ,57.5612
2024-06-20,QQQ,57.6287
2024-06-21,QQQ,57.6837
2024-06-22,QQQ,57.7261
2024-06-23,QQQ,57.7558
2024-06-24,QQQ,57.7728
2024-06-25,QQQ,57.7774
2024-06-26,QQQ,57.7696
2024-06-27,QQQ,57.75
2024-06-28,QQQ,57.7189
2024-06-29,QQQ,57.6767
2024-06-30,QQQ,57.6243
2024-07-01,QQQ,57.562
2024-07-02,QQQ,57.4909
2024-07-03,QQQ,57.4115
2024-07-04,QQQ,57.3248
2024-07-05,QQQ,57.2317
2024-07-06,QQQ,57.133
2024-07-07,QQQ,57.0298
2024-07-08,QQQ,56.923
2024-07-09,QQQ,56.8136
2024-07-10,QQQ,56.7026
2024-07-11,QQQ,56.591
2024-07-12,QQQ,56.4797
2024-07-13,QQQ,56.3696
2024-07-14,QQQ,56.2618
2024-07-15,QQQ,56.1571
2024-07-16,QQQ,56.0562
2024-07-17,QQQ,55.9601
2024-07-18,QQQ,55.8694
2024-07-19,QQQ,55.7848
2024-07-20,QQQ,55.7069
2024-07-21,QQQ,55.6363
2024-07-22,QQQ,55.5734
2024-07-23,QQQ,55.5187
2024-07-24,QQQ,55.4725
2024-07-25,QQQ,55.4351
2024-07-26,QQQ,55.4066
2024-07-27,QQQ,55.3871
2024-07-28,QQQ,55.3768
2024-07-29,QQQ,55.3754
2024-07-30,QQQ,55.383
2024-07-31,QQQ,55.3993
2024-08-01,QQQ,55.424
2024-08-02,QQQ,55.4569
2024-08-03,QQQ,55.4975
2024-08-04,QQQ,55.5454
2024-08-05,QQQ,55.6
2024-08-06,QQQ,55.6608
2024-08-07,QQQ,55.7271
2024-08-08,QQQ,55.7983
2024-08-09,QQQ,55.8736
2024-08-10,QQQ,55.9524
2024-08-11,QQQ,56.0338
2024-08-12,QQQ,56.117
2024-08-13,QQQ,56.2013
2024-08-14,QQQ,56.2858
2024-08-15,QQQ,56.3696
2024-08-16,QQQ,56.4521
2024-08-17,QQQ,56.5324
2024-08-18,QQQ,56.6097
2024-08-19,QQQ,56.6833
2024-08-20,QQQ,56.7525
2024-08-21,QQQ,56.8166
2024-08-22,QQQ,56.875
2024-08-23,QQQ,56.9272
2024-08-24,QQQ,56.9727
2024-08-25,QQQ,57.011
2024-08-26,QQQ,57.0418
2024-08-27,QQQ,57.0648
2024-08-28,QQQ,57.0799
2024-08-29,QQQ,57.0869
2024-08-30,QQQ,57.0858
2024-08-31,QQQ,57.0767
2024-09-01,QQQ,57.0596
2024-09-02,QQQ,57.0349
2024-09-03,QQQ,57.0028
2024-09-04,QQQ,56.9636
2024-09-05,QQQ,56.918
2024-09-06,QQQ,56.8663
2024-09-07,QQQ,56.8092
2024-09-08,QQQ,56.7474
2024-09-09,QQQ,56.6815
2024-09-10,QQQ,56.6123
2024-09-11,QQQ,56.5405
2024-09-12,QQQ,56.4671
2024-09-13,QQQ,56.3929
2024-09-14,QQQ,56.3187
2024-09-15,QQQ,56.2454
2024-09-16,QQQ,56.174
2024-09-17,QQQ,56.1053
2024-09-18,QQQ,56.0401
2024-09-19,QQQ,55.9794
2024-09-20,QQQ,55.9239
2024-09-21,QQQ,55.8745
2024-09-22,QQQ,55.8319
2024-09-23,QQQ,55.7969
2024-09-24,QQQ,55.77
2024-09-25,QQQ,55.752
2024-09-26,QQQ,55.7434
2024-09-27,QQQ,55.7447
2024-09-28,QQQ,55.7563
2024-09-29,QQQ,55.7786
2024-09-30,QQQ,55.8119
2024-10-01,QQQ,55.8564
2024-10-02,QQQ,55.9122
2024-10-03,QQQ,55.9794
2024-10-04,QQQ,56.0581
2024-10-05,QQQ,56.148
2024-10-06,QQQ,56.2491
2024-10-07,QQQ,56.3611
2024-10-08,QQQ,56.4837
2024-10-09,QQQ,56.6164
2024-10-10,QQQ,56.7588
2024-10-11,QQQ,56.9103
2024-10-12,QQQ,57.0704
2024-10-13,QQQ,57.2382
2024-10-14,QQQ,57.4132
2024-10-15,QQQ,57.5943
2024-10-16,QQQ,57.7809
2024-10-17,QQQ,57.9719
2024-10-18,QQQ,58.1664
2024-10-19,QQQ,58.3634
2024-10-20,QQQ,58.5619
2024-10-21,QQQ,58.7608
2024-10-22,QQQ,58.9591
2024-10-23,QQQ,59.1556
2024-10-24,QQQ,59.3493
2024-10-25,QQQ,59.5392
2024-10-26,QQQ,59.7241
2024-10-27,QQQ,59.9031
2024-10-28,QQQ,60.0752
2024-10-29,QQQ,60.2394
2024-10-30,QQQ,60.395
2024-10-31,QQQ,60.5409
2024-11-01,QQQ,60.6766
2024-11-02,QQQ,60.8012
2024-11-03,QQQ,60.9143
2024-11-04,QQQ,61.0153
2024-11-05,QQQ,61.1038
2024-11-06,QQQ,61.1796
2024-11-07,QQQ,61.2423
2024-11-08,QQQ,61.2918
2024-11-09,QQQ,61.3282
2024-11-10,QQQ,61.3516
2024-11-11,QQQ,61.3622
2024-11-12,QQQ,61.3602
2024-11-13,QQQ,61.346
2024-11-14,QQQ,61.3202
2024-11-15,QQQ,61.2832
2024-01-01,XLF,30.0273
2024-01-02,XLF,30.058
2024-01-03,XLF,30.0922
2024-01-04,XLF,30.1296
2024-01-05,XLF,30.1702
2024-01-06,XLF,30.2139
2024-01-07,XLF,30.2605
2024-01-08,XLF,30.3099
2024-01-09,XLF,30.3617
2024-01-10,XLF,30.4158
2024-01-11,XLF,30.4719
2024-01-12,XLF,30.5298
2024-01-13,XLF,30.5892
2024-01-14,XLF,30.6497
2024-01-15,XLF,30.711
2024-01-16,XLF,30.7728
2024-01-17,XLF,30.8349
2024-01-18,XLF,30.8967
2024-01-19,XLF,30.958
2024-01-20,XLF,31.0184
2024-01-21,XLF,31.0776
2024-01-22,XLF,31.1352
2024-01-23,XLF,31.1909
2024-01-24,XLF,31.2443
2024-01-25,XLF,31.2952
2024-01-26,XLF,31.3433
2024-01-27,XLF,31.3882
2024-01-28,XLF,31.4297
2024-01-29,XLF,31.4676
2024-01-30,XLF,31.5016
2024-01-31,XLF,31.5317
2024-02-01,XLF,31.5575
2024-02-02,XLF,31.5791
2024-02-03,XLF,31.5962
2024-02-04,XLF,31.6089
2024-02-05,XLF,31.6172
2024-02-06,XLF,31.6209
2024-02-07,XLF,31.6202
2024-02-08,XLF,31.6152
2024-02-09,XLF,31.6059
2024-02-10,XLF,31.5925
2024-02-11,XLF,31.5752
2024-02-12,XLF,31.5541
2024-02-13,XLF,31.5295
2024-02-14,XLF,31.5016
2024-02-15,XLF,31.4706
2024-02-16,XLF,31.437
2024-02-17,XLF,31.4009
2024-02-18,XLF,31.3628
2024-02-19,XLF,31.3229
2024-02-20,XLF,31.2815
2024-02-21,XLF,31.2391
2024-02-22,XLF,31.196
2024-02-23,XLF,31.1525
2024-02-24,XLF,31.1089
2024-02-25,XLF,31.0657
2024-02-26,XLF,31.0232
2024-02-27,XLF,30.9816
2024-02-28,XLF,30.9413
2024-02-29,XLF,30.9026
2024-03-01,XLF,30.8658
2024-03-02,XLF,30.8311
2024-03-03,XLF,30.7988
2024-03-04,XLF,30.7691
2024-03-05,XLF,30.7422
2024-03-06,XLF,30.7182
2024-03-07,XLF,30.6974
2024-03-08,XLF,30.6798
2024-03-09,XLF,30.6654
2024-03-10,XLF,30.6545
2024-03-11,XLF,30.647
2024-03-12,XLF,30.6428
2024-03-13,XLF,30.6421
2024-03-14,XLF,30.6448
2024-03-15,XLF,30.6507
2024-03-16,XLF,30.6598
2024-03-17,XLF,30.6719
2024-03-18,XLF,30.687
2024-03-19,XLF,30.7048
2024-03-20,XLF,30.7252
2024-03-21,XLF,30.7479
2024-03-22,XLF,30.7727
2024-03-23,XLF,30.7993
2024-03-24,XLF,30.8276
2024-03-25,XLF,30.8572
2024-03-26,XLF,30.8879
2024-03-27,XLF,30.9193
2024-03-28,XLF,30.9513
2024-03-29,XLF,30.9834
2024-03-30,XLF,31.0155
2024-03-31,XLF,31.0472
2024-04-01,XLF,31.0782
2024-04-02,XLF,31.1083
2024-04-03,XLF,31.1371
2024-04-04,XLF,31.1646
2024-04-05,XLF,31.1904
2024-04-06,XLF,31.2143
2024-04-07,XLF,31.2361
2024-04-08,XLF,31.2557
2024-04-09,XLF,31.2728
2024-04-10,XLF,31.2875
2024-04-11,XLF,31.2995
2024-04-12,XLF,31.3088
2024-04-13,XLF,31.3154
2024-04-14,XLF,31.3193
2024-04-15,XLF,31.3204
2024-04-16,XLF,31.3189
2024-04-17,XLF,31.3147
2024-04-18,XLF,31.308
2024-04-19,XLF,31.2989
2024-04-20,XLF,31.2876
2024-04-21,XLF,31.2743
2024-04-22,XLF,31.259
2024-04-23,XLF,31.2422
2024-04-24,XLF,31.2239
2024-04-25,XLF,31.2045
2024-04-26,XLF,31.1842
2024-04-27,XLF,31.1634
2024-04-28,XLF,31.1422
2024-04-29,XLF,31.1211
2024-04-30,XLF,31.1002
2024-05-01,XLF,31.0799
2024-05-02,XLF,31.0606
2024-05-03,XLF,31.0424
2024-05-04,XLF,31.0258
2024-05-05,XLF,31.0109
2024-05-06,XLF,30.9981
2024-05-07,XLF,30.9876
2024-05-08,XLF,30.9797
2024-05-09,XLF,30.9746
2024-05-10,XLF,30.9725
2024-05-11,XLF,30.9735
2024-05-12,XLF,30.9779
2024-05-13,XLF,30.9859
2024-05-14,XLF,30.9974
2024-05-15,XLF,31.0127
2024-05-16,XLF,31.0317
2024-05-17,XLF,31.0546
2024-05-18,XLF,31.0812
2024-05-19,XLF,31.1117
2024-05-20,XLF,31.1459
2024-05-21,XLF,31.1838
2024-05-22,XLF,31.2252
2024-05-23,XLF,31.2702
2024-05-24,XLF,31.3183
2024-05-25,XLF,31.3696
2024-05-26,XLF,31.4238
2024-05-27,XLF,31.4806
2024-05-28,XLF,31.5398
2024-05-29,XLF,31.6011
2024-05-30,XLF,31.6642
2024-05-31,XLF,31.7288
2024-06-01,XLF,31.7946
2024-06-02,XLF,31.8612
2024-06-03,XLF,31.9283
2024-06-04,XLF,31.9955
2024-06-05,XLF,32.0624
2024-06-06,XLF,32.1287
2024-06-07,XLF,32.194
2024-06-08,XLF,32.258
2024-06-09,XLF,32.3202
2024-06-10,XLF,32.3803
2024-06-11,XLF,32.4381
2024-06-12,XLF,32.4931
2024-06-13,XLF,32.5451
2024-06-14,XLF,32.5938
2024-06-15,XLF,32.6389
2024-06-16,XLF,32.6801
2024-06-17,XLF,32.7174
2024-06-18,XLF,32.7505
2024-06-19,XLF,32.7792
2024-06-20,XLF,32.8035
2024-06-21,XLF,32.8232
2024-06-22,XLF,32.8383
2024-06-23,XLF,32.8489
2024-06-24,XLF,32.8548
2024-06-25,XLF,32.8563
2024-06-26,XLF,32.8533
2024-06-27,XLF,32.8459
2024-06-28,XLF,32.8345
2024-06-29,XLF,32.819
2024-06-30,XLF,32.7998
2024-07-01,XLF,32.777
2024-07-02,XLF,32.751
2024-07-03,XLF,32.7221
2024-07-04,XLF,32.6904
2024-07-05,XLF,32.6564
2024-07-06,XLF,32.6204
2024-07-07,XLF,32.5827
2024-07-08,XLF,32.5436
2024-07-09,XLF,32.5036
2024-07-10,XLF,32.463
2024-07-11,XLF,32.4221
2024-07-12,XLF,32.3813
2024-07-13,XLF,32.341
2024-07-14,XLF,32.3014
2024-07-15,XLF,32.2629
2024-07-16,XLF,32.2259
2024-07-17,XLF,32.1905
2024-07-18,XLF,32.1571
2024-07-19,XLF,32.1259
2024-07-20,XLF,32.0971
2024-07-21,XLF,32.071
2024-07-22,XLF,32.0478
2024-07-23,XLF,32.0275
2024-07-24,XLF,32.0103
2024-07-25,XLF,31.9964
2024-07-26,XLF,31.9857
2024-07-27,XLF,31.9784
2024-07-28,XLF,31.9744
2024-07-29,XLF,31.9737
2024-07-30,XLF,31.9762
2024-07-31,XLF,31.982
2024-08-01,XLF,31.9909
2024-08-02,XLF,32.0028
2024-08-03,XLF,32.0175
2024-08-04,XLF,32.0349
2024-08-05,XLF,32.0547
2024-08-06,XLF,32.0768
2024-08-07,XLF,32.1009
2024-08-08,XLF,32.1268
2024-08-09,XLF,32.1542
2024-08-10,XLF,32.1828
2024-08-11,XLF,32.2124
2024-08-12,XLF,32.2427
2024-08-13,XLF,32.2733
2024-08-14,XLF,32.3039
2024-08-15,XLF,32.3344
2024-08-16,XLF,32.3643
2024-08-17,XLF,32.3934
2024-08-18,XLF,32.4213
2024-08-19,XLF,32.448
2024-08-20,XLF,32.473
2024-08-21,XLF,32.4961
2024-08-22,XLF,32.5171
2024-08-23,XLF,32.5359
2024-08-24,XLF,32.5523
2024-08-25,XLF,32.566
2024-08-26,XLF,32.577
2024-08-27,XLF,32.5851
2024-08-28,XLF,32.5904
2024-08-29,XLF,32.5927
2024-08-30,XLF,32.5921
2024-08-31,XLF,32.5886
2024-09-01,XLF,32.5822
2024-09-02,XLF,32.573
2024-09-03,XLF,32.5611
2024-09-04,XLF,32.5467
2024-09-05,XLF,32.5299
2024-09-06,XLF,32.5109
2024-09-07,XLF,32.4899
2024-09-08,XLF,32.4672
2024-09-09,XLF,32.443
2024-09-10,XLF,32.4176
2024-09-11,XLF,32.3912
2024-09-12,XLF,32.3643
2024-09-13,XLF,32.337
2024-09-14,XLF,32.3097
2024-09-15,XLF,32.2828
2024-09-16,XLF,32.2565
2024-09-17,XLF,32.2311
2024-09-18,XLF,32.2071
2024-09-19,XLF,32.1847
2024-09-20,XLF,32.1642
2024-09-21,XLF,32.1459
2024-09-22,XLF,32.1301
2024-09-23,XLF,32.1171
2024-09-24,XLF,32.107
2024-09-25,XLF,32.1002
2024-09-26,XLF,32.0969
2024-09-27,XLF,32.0972
2024-09-28,XLF,32.1012
2024-09-29,XLF,32.1092
2024-09-30,XLF,32.1212
2024-10-01,XLF,32.1372
2024-10-02,XLF,32.1575
2024-10-03,XLF,32.1819
2024-10-04,XLF,32.2104
2024-10-05,XLF,32.2431
2024-10-06,XLF,32.2799
2024-10-07,XLF,32.3206
2024-10-08,XLF,32.3651
2024-10-09,XLF,32.4133
2024-10-10,XLF,32.4649
2024-10-11,XLF,32.5199
2024-10-12,XLF,32.5779
2024-10-13,XLF,32.6387
2024-10-14,XLF,32.7019
2024-10-15,XLF,32.7674
2024-10-16,XLF,32.8347
2024-10-17,XLF,32.9036
2024-10-18,XLF,32.9736
2024-10-19,XLF,33.0445
2024-10-20,XLF,33.1158
2024-10-21,XLF,33.1872
2024-10-22,XLF,33.2582
2024-10-23,XLF,33.3285
2024-10-24,XLF,33.3978
2024-10-25,XLF,33.4655
2024-10-26,XLF,33.5315
2024-10-27,XLF,33.5952
2024-10-28,XLF,33.6564
2024-10-29,XLF,33.7148
2024-10-30,XLF,33.7699
2024-10-31,XLF,33.8217
2024-11-01,XLF,33.8697
2024-11-02,XLF,33.9137
2024-11-03,XLF,33.9537
2024-11-04,XLF,33.9893
2024-11-05,XLF,34.0204
2024-11-06,XLF,34.0471
2024-11-07,XLF,34.069
2024-11-08,XLF,34.0864
2024-11-09,XLF,34.099
2024-11-10,XLF,34.1071
2024-11-11,XLF,34.1106
2024-11-12,XLF,34.1097
2024-11-13,XLF,34.1045
2024-11-14,XLF,34.0951
2024-11-15,XLF,34.0818
2024-01-01,XLV,40.0268
2024-01-02,XLV,40.0569
2024-01-03,XLV,40.0902
2024-01-04,XLV,40.1266
2024-01-05,XLV,40.166
2024-01-06,XLV,40.2084
2024-01-07,XLV,40.2535
2024-01-08,XLV,40.3012
2024-01-09,XLV,40.3512
2024-01-10,XLV,40.4034
2024-01-11,XLV,40.4574
2024-01-12,XLV,40.5131
2024-01-13,XLV,40.5702
2024-01-14,XLV,40.6283
2024-01-15,XLV,40.6872
2024-01-16,XLV,40.7466
2024-01-17,XLV,40.806
2024-01-18,XLV,40.8653
2024-01-19,XLV,40.924
2024-01-20,XLV,40.9819
2024-01-21,XLV,41.0386
2024-01-22,XLV,41.0937
2024-01-23,XLV,41.147
2024-01-24,XLV,41.1982
2024-01-25,XLV,41.247
2024-01-26,XLV,41.2931
2024-01-27,XLV,41.3361
2024-01-28,XLV,41.376
2024-01-29,XLV,41.4125
2024-01-30,XLV,41.4453
2024-01-31,XLV,41.4744
2024-02-01,XLV,41.4995
2024-02-02,XLV,41.5205
2024-02-03,XLV,41.5375
2024-02-04,XLV,41.5502
2024-02-05,XLV,41.5588
2024-02-06,XLV,41.5631
2024-02-07,XLV,41.5633
2024-02-08,XLV,41.5595
2024-02-09,XLV,41.5516
2024-02-10,XLV,41.5398
2024-02-11,XLV,41.5244
2024-02-12,XLV,41.5054
2024-02-13,XLV,41.4831
2024-02-14,XLV,41.4577
2024-02-15,XLV,41.4294
2024-02-16,XLV,41.3986
2024-02-17,XLV,41.3656
2024-02-18,XLV,41.3305
2024-02-19,XLV,41.2937
2024-02-20,XLV,41.2556
2024-02-21,XLV,41.2165
2024-02-22,XLV,41.1767
2024-02-23,XLV,41.1365
2024-02-24,XLV,41.0962
2024-02-25,XLV,41.0563
2024-02-26,XLV,41.0169
2024-02-27,XLV,40.9785
2024-02-28,XLV,40.9412
2024-02-29,XLV,40.9055
2024-03-01,XLV,40.8715
2024-03-02,XLV,40.8395
2024-03-03,XLV,40.8098
2024-03-04,XLV,40.7825
2024-03-05,XLV,40.7578
2024-03-06,XLV,40.7359
2024-03-07,XLV,40.717
2024-03-08,XLV,40.7011
2024-03-09,XLV,40.6884
2024-03-10,XLV,40.6788
2024-03-11,XLV,40.6725
2024-03-12,XLV,40.6694
2024-03-13,XLV,40.6695
2024-03-14,XLV,40.6728
2024-03-15,XLV,40.6793
2024-03-16,XLV,40.6887
2024-03-17,XLV,40.701
2024-03-18,XLV,40.7161
2024-03-19,XLV,40.7338
2024-03-20,XLV,40.7539
2024-03-21,XLV,40.7762
2024-03-22,XLV,40.8005
2024-03-23,XLV,40.8266
2024-03-24,XLV,40.8542
2024-03-25,XLV,40.883
2024-03-26,XLV,40.9129
2024-03-27,XLV,40.9435
2024-03-28,XLV,40.9745
2024-03-29,XLV,41.0057
2024-03-30,XLV,41.0368
2024-03-31,XLV,41.0676
2024-04-01,XLV,41.0977
2024-04-02,XLV,41.127
2024-04-03,XLV,41.1551
2024-04-04,XLV,41.1818
2024-04-05,XLV,41.207
2024-04-06,XLV,41.2303
2024-04-07,XLV,41.2518
2024-04-08,XLV,41.271
2024-04-09,XLV,41.2881
2024-04-10,XLV,41.3027
2024-04-11,XLV,41.3149
2024-04-12,XLV,41.3245
2024-04-13,XLV,41.3315
2024-04-14,XLV,41.336
2024-04-15,XLV,41.3379
2024-04-16,XLV,41.3372
2024-04-17,XLV,41.3341
2024-04-18,XLV,41.3287
2024-04-19,XLV,41.3209
2024-04-20,XLV,41.3111
2024-04-21,XLV,41.2993
2024-04-22,XLV,41.2858
2024-04-23,XLV,41.2707
2024-04-24,XLV,41.2543
2024-04-25,XLV,41.2368
2024-04-26,XLV,41.2185
2024-04-27,XLV,41.1996
2024-04-28,XLV,41.1805
2024-04-29,XLV,41.1613
2024-04-30,XLV,41.1424
2024-05-01,XLV,41.1241
2024-05-02,XLV,41.1066
2024-05-03,XLV,41.0903
2024-05-04,XLV,41.0754
2024-05-05,XLV,41.0621
2024-05-06,XLV,41.0508
2024-05-07,XLV,41.0417
2024-05-08,XLV,41.0351
2024-05-09,XLV,41.031
2024-05-10,XLV,41.0299
2024-05-11,XLV,41.0317
2024-05-12,XLV,41.0367
2024-05-13,XLV,41.045
2024-05-14,XLV,41.0568
2024-05-15,XLV,41.072
2024-05-16,XLV,41.0908
2024-05-17,XLV,41.1133
2024-05-18,XLV,41.1393
2024-05-19,XLV,41.1689
2024-05-20,XLV,41.2021
2024-05-21,XLV,41.2387
2024-05-22,XLV,41.2787
2024-05-23,XLV,41.3219
2024-05-24,XLV,41.3682
2024-05-25,XLV,41.4175
2024-05-26,XLV,41.4694
2024-05-27,XLV,41.5237
2024-05-28,XLV,41.5803
2024-05-29,XLV,41.6389
2024-05-30,XLV,41.6991
2024-05-31,XLV,41.7608
2024-06-01,XLV,41.8234
2024-06-02,XLV,41.8869
2024-06-03,XLV,41.9507
2024-06-04,XLV,42.0146
2024-06-05,XLV,42.0782
2024-06-06,XLV,42.1412
2024-06-07,XLV,42.2032
2024-06-08,XLV,42.2639
2024-06-09,XLV,42.323
2024-06-10,XLV,42.3801
2024-06-11,XLV,42.435
2024-06-12,XLV,42.4872
2024-06-13,XLV,42.5366
2024-06-14,XLV,42.5829
2024-06-15,XLV,42.6259
2024-06-16,XLV,42.6652
2024-06-17,XLV,42.7008
2024-06-18,XLV,42.7325
2024-06-19,XLV,42.7601
2024-06-20,XLV,42.7836
2024-06-21,XLV,42.8028
2024-06-22,XLV,42.8178
2024-06-23,XLV,42.8285
2024-06-24,XLV,42.8349
2024-06-25,XLV,42.837
2024-06-26,XLV,42.8351
2024-06-27,XLV,42.8291
2024-06-28,XLV,42.8193
2024-06-29,XLV,42.8058
2024-06-30,XLV,42.7887
2024-07-01,XLV,42.7684
2024-07-02,XLV,42.745
2024-07-03,XLV,42.7188
2024-07-04,XLV,42.6902
2024-07-05,XLV,42.6593
2024-07-06,XLV,42.6265
2024-07-07,XLV,42.5922
2024-07-08,XLV,42.5566
2024-07-09,XLV,42.5201
2024-07-10,XLV,42.483
2024-07-11,XLV,42.4456
2024-07-12,XLV,42.4083
2024-07-13,XLV,42.3714
2024-07-14,XLV,42.3353
2024-07-15,XLV,42.3001
2024-07-16,XLV,42.2662
2024-07-17,XLV,42.2339
2024-07-18,XLV,42.2034
2024-07-19,XLV,42.175
2024-07-20,XLV,42.1489
2024-07-21,XLV,42.1253
2024-07-22,XLV,42.1043
2024-07-23,XLV,42.0861
2024-07-24,XLV,42.0709
2024-07-25,XLV,42.0586
2024-07-26,XLV,42.0494
2024-07-27,XLV,42.0434
2024-07-28,XLV,42.0404
2024-07-29,XLV,42.0406
2024-07-30,XLV,42.0439
2024-07-31,XLV,42.0502
2024-08-01,XLV,42.0594
2024-08-02,XLV,42.0714
2024-08-03,XLV,42.086
2024-08-04,XLV,42.1032
2024-08-05,XLV,42.1226
2024-08-06,XLV,42.1442
2024-08-07,XLV,42.1677
2024-08-08,XLV,42.1928
2024-08-09,XLV,42.2194
2024-08-10,XLV,42.2471
2024-08-11,XLV,42.2756
2024-08-12,XLV,42.3048
2024-08-13,XLV,42.3344
2024-08-14,XLV,42.364
2024-08-15,XLV,42.3933
2024-08-16,XLV,42.4222
2024-08-17,XLV,42.4502
2024-08-18,XLV,42.4773
2024-08-19,XLV,42.503
2024-08-20,XLV,42.5273
2024-08-21,XLV,42.5498
2024-08-22,XLV,42.5703
2024-08-23,XLV,42.5887
2024-08-24,XLV,42.6048
2024-08-25,XLV,42.6185
2024-08-26,XLV,42.6296
2024-08-27,XLV,42.6381
2024-08-28,XLV,42.6439
2024-08-29,XLV,42.6469
2024-08-30,XLV,42.6472
2024-08-31,XLV,42.6448
2024-09-01,XLV,42.6397
2024-09-02,XLV,42.6319
2024-09-03,XLV,42.6217
2024-09-04,XLV,42.609
2024-09-05,XLV,42.5942
2024-09-06,XLV,42.5772
2024-09-07,XLV,42.5585
2024-09-08,XLV,42.5381
2024-09-09,XLV,42.5163
2024-09-10,XLV,42.4933
2024-09-11,XLV,42.4695
2024-09-12,XLV,42.4451
2024-09-13,XLV,42.4204
2024-09-14,XLV,42.3957
2024-09-15,XLV,42.3713
2024-09-16,XLV,42.3475
2024-09-17,XLV,42.3246
2024-09-18,XLV,42.3029
2024-09-19,XLV,42.2827
2024-09-20,XLV,42.2643
2024-09-21,XLV,42.248
2024-09-22,XLV,42.234
2024-09-23,XLV,42.2226
2024-09-24,XLV,42.214
2024-09-25,XLV,42.2085
2024-09-26,XLV,42.2062
2024-09-27,XLV,42.2073
2024-09-28,XLV,42.2119
2024-09-29,XLV,42.2202
2024-09-30,XLV,42.2323
2024-10-01,XLV,42.2483
2024-10-02,XLV,42.2681
2024-10-03,XLV,42.2919
2024-10-04,XLV,42.3196
2024-10-05,XLV,42.3511
2024-10-06,XLV,42.3864
2024-10-07,XLV,42.4254
2024-10-08,XLV,42.468
2024-10-09,XLV,42.514
2024-10-10,XLV,42.5633
2024-10-11,XLV,42.6156
2024-10-12,XLV,42.6707
2024-10-13,XLV,42.7284
2024-10-14,XLV,42.7884
2024-10-15,XLV,42.8505
2024-10-16,XLV,42.9142
2024-10-17,XLV,42.9794
2024-10-18,XLV,43.0456
2024-10-19,XLV,43.1125
2024-10-20,XLV,43.1798
2024-10-21,XLV,43.2472
2024-10-22,XLV,43.3142
2024-10-23,XLV,43.3805
2024-10-24,XLV,43.4457
2024-10-25,XLV,43.5095
2024-10-26,XLV,43.5716
2024-10-27,XLV,43.6317
2024-10-28,XLV,43.6893
2024-10-29,XLV,43.7443
2024-10-30,XLV,43.7963
2024-10-31,XLV,43.8451
2024-11-01,XLV,43.8904
2024-11-02,XLV,43.9321
2024-11-03,XLV,43.9699
2024-11-04,XLV,44.0037
2024-11-05,XLV,44.0334
2024-11-06,XLV,44.0589
2024-11-07,XLV,44.0801
2024-11-08,XLV,44.097
2024-11-09,XLV,44.1096
2024-11-10,XLV,44.1179
2024-11-11,XLV,44.1221
2024-11-12,XLV,44.1221
2024-11-13,XLV,44.1181
2024-11-14,XLV,44.1104
2024-11-15,XLV,44.099
2024-01-01,XLI,35.0294
2024-01-02,XLI,35.0622
2024-01-03,XLI,35.0985
2024-01-04,XLI,35.138
2024-01-05,XLI,35.1807
2024-01-06,XLI,35.2265
2024-01-07,XLI,35.2752
2024-01-08,XLI,35.3266
2024-01-09,XLI,35.3805
2024-01-10,XLI,35.4367
2024-01-11,XLI,35.4948
2024-01-12,XLI,35.5548
2024-01-13,XLI,35.6161
2024-01-14,XLI,35.6787
2024-01-15,XLI,35.742
2024-01-16,XLI,35.8058
2024-01-17,XLI,35.8698
2024-01-18,XLI,35.9336
2024-01-19,XLI,35.9969
2024-01-20,XLI,36.0593
2024-01-21,XLI,36.1204
2024-01-22,XLI,36.18
2024-01-23,XLI,36.2376
2024-01-24,XLI,36.293
2024-01-25,XLI,36.3459
2024-01-26,XLI,36.3959
2024-01-27,XLI,36.4428
2024-01-28,XLI,36.4863
2024-01-29,XLI,36.5262
2024-01-30,XLI,36.5622
2024-01-31,XLI,36.5943
2024-02-01,XLI,36.6222
2024-02-02,XLI,36.6458
2024-02-03,XLI,36.6651
2024-02-04,XLI,36.6799
2024-02-05,XLI,36.6903
2024-02-06,XLI,36.6962
2024-02-07,XLI,36.6978
2024-02-08,XLI,36.695
2024-02-09,XLI,36.6879
2024-02-10,XLI,36.6768
2024-02-11,XLI,36.6618
2024-02-12,XLI,36.643
2024-02-13,XLI,36.6206
2024-02-14,XLI,36.5951
2024-02-15,XLI,36.5665
2024-02-16,XLI,36.5352
2024-02-17,XLI,36.5014
2024-02-18,XLI,36.4656
2024-02-19,XLI,36.428
2024-02-20,XLI,36.389
2024-02-21,XLI,36.3489
2024-02-22,XLI,36.308
2024-02-23,XLI,36.2668
2024-02-24,XLI,36.2256
2024-02-25,XLI,36.1846
2024-02-26,XLI,36.1443
2024-02-27,XLI,36.1049
2024-02-28,XLI,36.0669
2024-02-29,XLI,36.0304
2024-03-01,XLI,35.9957
2024-03-02,XLI,35.9632
2024-03-03,XLI,35.9331
2024-03-04,XLI,35.9055
2024-03-05,XLI,35.8808
2024-03-06,XLI,35.859
2024-03-07,XLI,35.8402
2024-03-08,XLI,35.8247
2024-03-09,XLI,35.8126
2024-03-10,XLI,35.8038
2024-03-11,XLI,35.7984
2024-03-12,XLI,35.7964
2024-03-13,XLI,35.7978
2024-03-14,XLI,35.8026
2024-03-15,XLI,35.8107
2024-03-16,XLI,35.822
2024-03-17,XLI,35.8363
2024-03-18,XLI,35.8535
2024-03-19,XLI,35.8735
2024-03-20,XLI,35.896
2024-03-21,XLI,35.9209
2024-03-22,XLI,35.9479
2024-03-23,XLI,35.9767
2024-03-24,XLI,36.0072
2024-03-25,XLI,36.039
2024-03-26,XLI,36.0719
2024-03-27,XLI,36.1055
2024-03-28,XLI,36.1397
2024-03-29,XLI,36.174
2024-03-30,XLI,36.2083
2024-03-31,XLI,36.2421
2024-04-01,XLI,36.2753
2024-04-02,XLI,36.3076
2024-04-03,XLI,36.3387
2024-04-04,XLI,36.3684
2024-04-05,XLI,36.3963
2024-04-06,XLI,36.4224
2024-04-07,XLI,36.4464
2024-04-08,XLI,36.4682
2024-04-09,XLI,36.4875
2024-04-10,XLI,36.5044
2024-04-11,XLI,36.5186
2024-04-12,XLI,36.5301
2024-04-13,XLI,36.5389
2024-04-14,XLI,36.545
2024-04-15,XLI,36.5483
2024-04-16,XLI,36.5489
2024-04-17,XLI,36.5469
2024-04-18,XLI,36.5424
2024-04-19,XLI,36.5355
2024-04-20,XLI,36.5264
2024-04-21,XLI,36.5152
2024-04-22,XLI,36.5022
2024-04-23,XLI,36.4875
2024-04-24,XLI,36.4714
2024-04-25,XLI,36.4542
2024-04-26,XLI,36.4361
2024-04-27,XLI,36.4174
2024-04-28,XLI,36.3983
2024-04-29,XLI,36.3793
2024-04-30,XLI,36.3606
2024-05-01,XLI,36.3425
2024-05-02,XLI,36.3253
2024-05-03,XLI,36.3092
2024-05-04,XLI,36.2947
2024-05-05,XLI,36.282
2024-05-06,XLI,36.2713
2024-05-07,XLI,36.263
2024-05-08,XLI,36.2572
2024-05-09,XLI,36.2543
2024-05-10,XLI,36.2543
2024-05-11,XLI,36.2576
2024-05-12,XLI,36.2642
2024-05-13,XLI,36.2743
2024-05-14,XLI,36.2881
2024-05-15,XLI,36.3056
2024-05-16,XLI,36.3268
2024-05-17,XLI,36.3519
2024-05-18,XLI,36.3809
2024-05-19,XLI,36.4136
2024-05-20,XLI,36.4501
2024-05-21,XLI,36.4903
2024-05-22,XLI,36.5341
2024-05-23,XLI,36.5813
2024-05-24,XLI,36.6318
2024-05-25,XLI,36.6854
2024-05-26,XLI,36.7419
2024-05-27,XLI,36.8011
2024-05-28,XLI,36.8626
2024-05-29,XLI,36.9262
2024-05-30,XLI,36.9917
2024-05-31,XLI,37.0586
2024-06-01,XLI,37.1267
2024-06-02,XLI,37.1956
2024-06-03,XLI,37.2649
2024-06-04,XLI,37.3344
2024-06-05,XLI,37.4035
2024-06-06,XLI,37.4721
2024-06-07,XLI,37.5396
2024-06-08,XLI,37.6058
2024-06-09,XLI,37.6702
2024-06-10,XLI,37.7326
2024-06-11,XLI,37.7925
2024-06-12,XLI,37.8497
2024-06-13,XLI,37.9039
2024-06-14,XLI,37.9548
2024-06-15,XLI,38.0021
2024-06-16,XLI,38.0455
2024-06-17,XLI,38.085
2024-06-18,XLI,38.1203
2024-06-19,XLI,38.1512
2024-06-20,XLI,38.1777
2024-06-21,XLI,38.1997
2024-06-22,XLI,38.2171
2024-06-23,XLI,38.2299
2024-06-24,XLI,38.2381
2024-06-25,XLI,38.2418
2024-06-26,XLI,38.2411
2024-06-27,XLI,38.2361
2024-06-28,XLI,38.227
2024-06-29,XLI,38.2139
2024-06-30,XLI,38.197
2024-07-01,XLI,38.1766
2024-07-02,XLI,38.1529
2024-07-03,XLI,38.1262
2024-07-04,XLI,38.0969
2024-07-05,XLI,38.0652
2024-07-06,XLI,38.0315
2024-07-07,XLI,37.9961
2024-07-08,XLI,37.9594
2024-07-09,XLI,37.9217
2024-07-10,XLI,37.8833
2024-07-11,XLI,37.8447
2024-07-12,XLI,37.8062
2024-07-13,XLI,37.7681
2024-07-14,XLI,37.7307
2024-07-15,XLI,37.6944
2024-07-16,XLI,37.6596
2024-07-17,XLI,37.6264
2024-07-18,XLI,37.5952
2024-07-19,XLI,37.5662
2024-07-20,XLI,37.5396
2024-07-21,XLI,37.5157
2024-07-22,XLI,37.4946
2024-07-23,XLI,37.4766
2024-07-24,XLI,37.4616
2024-07-25,XLI,37.4499
2024-07-26,XLI,37.4414
2024-07-27,XLI,37.4363
2024-07-28,XLI,37.4345
2024-07-29,XLI,37.436
2024-07-30,XLI,37.4409
2024-07-31,XLI,37.4489
2024-08-01,XLI,37.4601
2024-08-02,XLI,37.4743
2024-08-03,XLI,37.4913
2024-08-04,XLI,37.511
2024-08-05,XLI,37.5331
2024-08-06,XLI,37.5575
2024-08-07,XLI,37.584
2024-08-08,XLI,37.6122
2024-08-09,XLI,37.642
2024-08-10,XLI,37.673
2024-08-11,XLI,37.7049
2024-08-12,XLI,37.7375
2024-08-13,XLI,37.7705
2024-08-14,XLI,37.8035
2024-08-15,XLI,37.8363
2024-08-16,XLI,37.8686
2024-08-17,XLI,37.9
2024-08-18,XLI,37.9304
2024-08-19,XLI,37.9593
2024-08-20,XLI,37.9867
2024-08-21,XLI,38.0121
2024-08-22,XLI,38.0355
2024-08-23,XLI,38.0566
2024-08-24,XLI,38.0753
2024-08-25,XLI,38.0913
2024-08-26,XLI,38.1046
2024-08-27,XLI,38.1151
2024-08-28,XLI,38.1227
2024-08-29,XLI,38.1273
2024-08-30,XLI,38.129
2024-08-31,XLI,38.1277
2024-09-01,XLI,38.1236
2024-09-02,XLI,38.1167
2024-09-03,XLI,38.1071
2024-09-04,XLI,38.0949
2024-09-05,XLI,38.0803
2024-09-06,XLI,38.0635
2024-09-07,XLI,38.0448
2024-09-08,XLI,38.0242
2024-09-09,XLI,38.0022
2024-09-10,XLI,37.979
2024-09-11,XLI,37.9548
2024-09-12,XLI,37.93
2024-09-13,XLI,37.9049
2024-09-14,XLI,37.8797
2024-09-15,XLI,37.8549
2024-09-16,XLI,37.8308
2024-09-17,XLI,37.8076
2024-09-18,XLI,37.7857
2024-09-19,XLI,37.7654
2024-09-20,XLI,37.7471
2024-09-21,XLI,37.7309
2024-09-22,XLI,37.7173
2024-09-23,XLI,37.7064
2024-09-24,XLI,37.6986
2024-09-25,XLI,37.694
2024-09-26,XLI,37.6929
2024-09-27,XLI,37.6954
2024-09-28,XLI,37.7018
2024-09-29,XLI,37.7121
2024-09-30,XLI,37.7264
2024-10-01,XLI,37.7448
2024-10-02,XLI,37.7675
2024-10-03,XLI,37.7943
2024-10-04,XLI,37.8253
2024-10-05,XLI,37.8605
2024-10-06,XLI,37.8998
2024-10-07,XLI,37.943
2024-10-08,XLI,37.9901
2024-10-09,XLI,38.0408
2024-10-10,XLI,38.0951
2024-10-11,XLI,38.1526
2024-10-12,XLI,38.2132
2024-10-13,XLI,38.2766
2024-10-14,XLI,38.3425
2024-10-15,XLI,38.4106
2024-10-16,XLI,38.4806
2024-10-17,XLI,38.5521
2024-10-18,XLI,38.6247
2024-10-19,XLI,38.6982
2024-10-20,XLI,38.7721
2024-10-21,XLI,38.846
2024-10-22,XLI,38.9196
2024-10-23,XLI,38.9925
2024-10-24,XLI,39.0643
2024-10-25,XLI,39.1346
2024-10-26,XLI,39.203
2024-10-27,XLI,39.2692
2024-10-28,XLI,39.3329
2024-10-29,XLI,39.3937
2024-10-30,XLI,39.4513
2024-10-31,XLI,39.5055
2024-11-01,XLI,39.5559
2024-11-02,XLI,39.6024
2024-11-03,XLI,39.6448
2024-11-04,XLI,39.6828
2024-11-05,XLI,39.7164
2024-11-06,XLI,39.7454
2024-11-07,XLI,39.7697
2024-11-08,XLI,39.7895
2024-11-09,XLI,39.8045
2024-11-10,XLI,39.815
2024-11-11,XLI,39.8209
2024-11-12,XLI,39.8224
2024-11-13,XLI,39.8195
2024-11-14,XLI,39.8125
2024-11-15,XLI,39.8016
2024-01-01,TLT,90.0801
2024-01-02,TLT,90.1735
2024-01-03,TLT,90.2798
2024-01-04,TLT,90.399
2024-01-05,TLT,90.5304
2024-01-06,TLT,90.6736
2024-01-07,TLT,90.8281
2024-01-08,TLT,90.993
2024-01-09,TLT,91.1675
2024-01-10,TLT,91.3509
2024-01-11,TLT,91.5421
2024-01-12,TLT,91.74
2024-01-13,TLT,91.9436
2024-01-14,TLT,92.1517
2024-01-15,TLT,92.363
2024-01-16,TLT,92.5763
2024-01-17,TLT,92.7902
2024-01-18,TLT,93.0034
2024-01-19,TLT,93.2146
2024-01-20,TLT,93.4224
2024-01-21,TLT,93.6255
2024-01-22,TLT,93.8224
2024-01-23,TLT,94.0119
2024-01-24,TLT,94.1927
2024-01-25,TLT,94.3636
2024-01-26,TLT,94.5235
2024-01-27,TLT,94.6711
2024-01-28,TLT,94.8056
2024-01-29,TLT,94.926
2024-01-30,TLT,95.0315
2024-01-31,TLT,95.1213
2024-02-01,TLT,95.195
2024-02-02,TLT,95.2519
2024-02-03,TLT,95.2917
2024-02-04,TLT,95.3143
2024-02-05,TLT,95.3195
2024-02-06,TLT,95.3074
2024-02-07,TLT,95.2781
2024-02-08,TLT,95.2319
2024-02-09,TLT,95.1693
2024-02-10,TLT,95.0908
2024-02-11,TLT,94.997
2024-02-12,TLT,94.8888
2024-02-13,TLT,94.7671
2024-02-14,TLT,94.6327
2024-02-15,TLT,94.4868
2024-02-16,TLT,94.3305
2024-02-17,TLT,94.165
2024-02-18,TLT,93.9915
2024-02-19,TLT,93.8114
2024-02-20,TLT,93.6259
2024-02-21,TLT,93.4365
2024-02-22,TLT,93.2444
2024-02-23,TLT,93.0511
2024-02-24,TLT,92.8579
2024-02-25,TLT,92.666
2024-02-26,TLT,92.4769
2024-02-27,TLT,92.2916
2024-02-28,TLT,92.1115
2024-02-29,TLT,91.9376
2024-03-01,TLT,91.7711
2024-03-02,TLT,91.6128
2024-03-03,TLT,91.4638
2024-03-04,TLT,91.3247
2024-03-05,TLT,91.1964
2024-03-06,TLT,91.0795
2024-03-07,TLT,90.9745
2024-03-08,TLT,90.8819
2024-03-09,TLT,90.8019
2024-03-10,TLT,90.7348
2024-03-11,TLT,90.6807
2024-03-12,TLT,90.6397
2024-03-13,TLT,90.6116
2024-03-14,TLT,90.5962
2024-03-15,TLT,90.5934
2024-03-16,TLT,90.6026
2024-03-17,TLT,90.6234
2024-03-18,TLT,90.6553
2024-03-19,TLT,90.6975
2024-03-20,TLT,90.7494
2024-03-21,TLT,90.8101
2024-03-22,TLT,90.8789
2024-03-23,TLT,90.9547
2024-03-24,TLT,91.0366
2024-03-25,TLT,91.1235
2024-03-26,TLT,91.2145
2024-03-27,TLT,91.3084
2024-03-28,TLT,91.4041
2024-03-29,TLT,91.5005
2024-03-30,TLT,91.5966
2024-03-31,TLT,91.6912
2024-04-01,TLT,91.7833
2024-04-02,TLT,91.8719
2024-04-03,TLT,91.9559
2024-04-04,TLT,92.0344
2024-04-05,TLT,92.1065
2024-04-06,TLT,92.1714
2024-04-07,TLT,92.2285
2024-04-08,TLT,92.2769
2024-04-09,TLT,92.3163
2024-04-10,TLT,92.346
2024-04-11,TLT,92.3658
2024-04-12,TLT,92.3753
2024-04-13,TLT,92.3745
2024-04-14,TLT,92.3633
2024-04-15,TLT,92.3417
2024-04-16,TLT,92.3099
2024-04-17,TLT,92.2682
2024-04-18,TLT,92.2171
2024-04-19,TLT,92.1569
2024-04-20,TLT,92.0883
2024-04-21,TLT,92.0119
2024-04-22,TLT,91.9286
2024-04-23,TLT,91.8391
2024-04-24,TLT,91.7444
2024-04-25,TLT,91.6454
2024-04-26,TLT,91.5432
2024-04-27,TLT,91.4388
2024-04-28,TLT,91.3333
2024-04-29,TLT,91.2279
2024-04-30,TLT,91.1238
2024-05-01,TLT,91.0219
2024-05-02,TLT,90.9236
2024-05-03,TLT,90.8298
2024-05-04,TLT,90.7417
2024-05-05,TLT,90.6604
2024-05-06,TLT,90.5869
2024-05-07,TLT,90.5222
2024-05-08,TLT,90.4671
2024-05-09,TLT,90.4225
2024-05-10,TLT,90.3892
2024-05-11,TLT,90.3679
2024-05-12,TLT,90.3592
2024-05-13,TLT,90.3636
2024-05-14,TLT,90.3816
2024-05-15,TLT,90.4135
2024-05-16,TLT,90.4595
2024-05-17,TLT,90.5198
2024-05-18,TLT,90.5944
2024-05-19,TLT,90.6832
2024-05-20,TLT,90.786
2024-05-21,TLT,90.9026
2024-05-22,TLT,91.0326
2024-05-23,TLT,91.1754
2024-05-24,TLT,91.3305
2024-05-25,TLT,91.4972
2024-05-26,TLT,91.6747
2024-05-27,TLT,91.8621
2024-05-28,TLT,92.0584
2024-05-29,TLT,92.2627
2024-05-30,TLT,92.4739
2024-05-31,TLT,92.6906
2024-06-01,TLT,92.9117
2024-06-02,TLT,93.136
2024-06-03,TLT,93.362
2024-06-04,TLT,93.5885
2024-06-05,TLT,93.814
2024-06-06,TLT,94.0371
2024-06-07,TLT,94.2565
2024-06-08,TLT,94.4708
2024-06-09,TLT,94.6787
2024-06-10,TLT,94.8787
2024-06-11,TLT,95.0697
2024-06-12,TLT,95.2504
2024-06-13,TLT,95.4197
2024-06-14,TLT,95.5764
2024-06-15,TLT,95.7197
2024-06-16,TLT,95.8486
2024-06-17,TLT,95.9623
2024-06-18,TLT,96.0601
2024-06-19,TLT,96.1415
2024-06-20,TLT,96.2061
2024-06-21,TLT,96.2536
2024-06-22,TLT,96.2837
2024-06-23,TLT,96.2964
2024-06-24,TLT,96.2919
2024-06-25,TLT,96.2703
2024-06-26,TLT,96.2321
2024-06-27,TLT,96.1776
2024-06-28,TLT,96.1074
2024-06-29,TLT,96.0224
2024-06-30,TLT,95.9232
2024-07-01,TLT,95.8108
2024-07-02,TLT,95.6863
2024-07-03,TLT,95.5506
2024-07-04,TLT,95.405
2024-07-05,TLT,95.2507
2024-07-06,TLT,95.0889
2024-07-07,TLT,94.9209
2024-07-08,TLT,94.7482
2024-07-09,TLT,94.5719
2024-07-10,TLT,94.3934
2024-07-11,TLT,94.2142
2024-07-12,TLT,94.0354
2024-07-13,TLT,93.8585
2024-07-14,TLT,93.6845
2024-07-15,TLT,93.5148
2024-07-16,TLT,93.3505
2024-07-17,TLT,93.1926
2024-07-18,TLT,93.0421
2024-07-19,TLT,92.9
2024-07-20,TLT,92.7671
2024-07-21,TLT,92.6442
2024-07-22,TLT,92.5319
2024-07-23,TLT,92.4307
2024-07-24,TLT,92.3411
2024-07-25,TLT,92.2635
2024-07-26,TLT,92.1981
2024-07-27,TLT,92.1451
2024-07-28,TLT,92.1044
2024-07-29,TLT,92.076
2024-07-30,TLT,92.0598
2024-07-31,TLT,92.0554
2024-08-01,TLT,92.0626
2024-08-02,TLT,92.0807
2024-08-03,TLT,92.1093
2024-08-04,TLT,92.1478
2024-08-05,TLT,92.1954
2024-08-06,TLT,92.2513
2024-08-07,TLT,92.3146
2024-08-08,TLT,92.3845
2024-08-09,TLT,92.4599
2024-08-10,TLT,92.5399
2024-08-11,TLT,92.6234
2024-08-12,TLT,92.7092
2024-08-13,TLT,92.7964
2024-08-14,TLT,92.8838
2024-08-15,TLT,92.9703
2024-08-16,TLT,93.0548
2024-08-17,TLT,93.1363
2024-08-18,TLT,93.2136
2024-08-19,TLT,93.2859
2024-08-20,TLT,93.3522
2024-08-21,TLT,93.4116
2024-08-22,TLT,93.4632
2024-08-23,TLT,93.5065
2024-08-24,TLT,93.5406
2024-08-25,TLT,93.5651
2024-08-26,TLT,93.5795
2024-08-27,TLT,93.5835
2024-08-28,TLT,93.5767
2024-08-29,TLT,93.5592
2024-08-30,TLT,93.5307
2024-08-31,TLT,93.4915
2024-09-01,TLT,93.4417
2024-09-02,TLT,93.3817
2024-09-03,TLT,93.3117
2024-09-04,TLT,93.2324
2024-09-05,TLT,93.1444
2024-09-06,TLT,93.0484
2024-09-07,TLT,92.9452
2024-09-08,TLT,92.8356
2024-09-09,TLT,92.7206
2024-09-10,TLT,92.6013
2024-09-11,TLT,92.4786
2024-09-12,TLT,92.3537
2024-09-13,TLT,92.2278
2024-09-14,TLT,92.1019
2024-09-15,TLT,91.9773
2024-09-16,TLT,91.8553
2024-09-17,TLT,91.7368
2024-09-18,TLT,91.6232
2024-09-19,TLT,91.5156
2024-09-20,TLT,91.415
2024-09-21,TLT,91.3226
2024-09-22,TLT,91.2393
2024-09-23,TLT,91.1662
2024-09-24,TLT,91.104
2024-09-25,TLT,91.0537
2024-09-26,TLT,91.016
2024-09-27,TLT,90.9914
2024-09-28,TLT,90.9807
2024-09-29,TLT,90.9843
2024-09-30,TLT,91.0025
2024-10-01,TLT,91.0356
2024-10-02,TLT,91.0838
2024-10-03,TLT,91.1472
2024-10-04,TLT,91.2257
2024-10-05,TLT,91.3191
2024-10-06,TLT,91.4274
2024-10-07,TLT,91.5499
2024-10-08,TLT,91.6864
2024-10-09,TLT,91.8363
2024-10-10,TLT,91.9988
2024-10-11,TLT,92.1733
2024-10-12,TLT,92.3588
2024-10-13,TLT,92.5544
2024-10-14,TLT,92.7592
2024-10-15,TLT,92.9719
2024-10-16,TLT,93.1915
2024-10-17,TLT,93.4167
2024-10-18,TLT,93.6463
2024-10-19,TLT,93.8788
2024-10-20,TLT,94.113
2024-10-21,TLT,94.3474
2024-10-22,TLT,94.5806
2024-10-23,TLT,94.8113
2024-10-24,TLT,95.038
2024-10-25,TLT,95.2593
2024-10-26,TLT,95.474
2024-10-27,TLT,95.6806
2024-10-28,TLT,95.8779
2024-10-29,TLT,96.0648
2024-10-30,TLT,96.24
2024-10-31,TLT,96.4026
2024-11-01,TLT,96.5515
2024-11-02,TLT,96.686
2024-11-03,TLT,96.8053
2024-11-04,TLT,96.9087
2024-11-05,TLT,96.9958
2024-11-06,TLT,97.0662
2024-11-07,TLT,97.1196
2024-11-08,TLT,97.1559
2024-11-09,TLT,97.1752
2024-11-10,TLT,97.1775
2024-11-11,TLT,97.1631
2024-11-12,TLT,97.1325
2024-11-13,TLT,97.0862
2024-11-14,TLT,97.0248
2024-11-15,TLT,96.949
2024-01-01,GLD,60.0414
2024-01-02,GLD,60.0887
2024-01-03,GLD,60.1418
2024-01-04,GLD,60.2005
2024-01-05,GLD,60.2646
2024-01-06,GLD,60.334
2024-01-07,GLD,60.4084
2024-01-08,GLD,60.4873
2024-01-09,GLD,60.5705
2024-01-10,GLD,60.6576
2024-01-11,GLD,60.7481
2024-01-12,GLD,60.8415
2024-01-13,GLD,60.9374
2024-01-14,GLD,61.0353
2024-01-15,GLD,61.1345
2024-01-16,GLD,61.2345
2024-01-17,GLD,61.3347
2024-01-18,GLD,61.4346
2024-01-19,GLD,61.5336
2024-01-20,GLD,61.631
2024-01-21,GLD,61.7262
2024-01-22,GLD,61.8188
2024-01-23,GLD,61.908
2024-01-24,GLD,61.9933
2024-01-25,GLD,62.0743
2024-01-26,GLD,62.1504
2024-01-27,GLD,62.2212
2024-01-28,GLD,62.2861
2024-01-29,GLD,62.3449
2024-01-30,GLD,62.3971
2024-01-31,GLD,62.4424
2024-02-01,GLD,62.4807
2024-02-02,GLD,62.5116
2024-02-03,GLD,62.5351
2024-02-04,GLD,62.551
2024-02-05,GLD,62.5594
2024-02-06,GLD,62.5601
2024-02-07,GLD,62.5533
2024-02-08,GLD,62.5392
2024-02-09,GLD,62.5178
2024-02-10,GLD,62.4894
2024-02-11,GLD,62.4544
2024-02-12,GLD,62.413
2024-02-13,GLD,62.3657
2024-02-14,GLD,62.3128
2024-02-15,GLD,62.2547
2024-02-16,GLD,62.1921
2024-02-17,GLD,62.1253
2024-02-18,GLD,62.055
2024-02-19,GLD,61.9818
2024-02-20,GLD,61.9061
2024-02-21,GLD,61.8285
2024-02-22,GLD,61.7498
2024-02-23,GLD,61.6704
2024-02-24,GLD,61.591
2024-02-25,GLD,61.5121
2024-02-26,GLD,61.4344
2024-02-27,GLD,61.3583
2024-02-28,GLD,61.2844
2024-02-29,GLD,61.2132
2024-03-01,GLD,61.1452
2024-03-02,GLD,61.0808
2024-03-03,GLD,61.0204
2024-03-04,GLD,60.9645
2024-03-05,GLD,60.9133
2024-03-06,GLD,60.8671
2024-03-07,GLD,60.8262
2024-03-08,GLD,60.7908
2024-03-09,GLD,60.761
2024-03-10,GLD,60.7369
2024-03-11,GLD,60.7187
2024-03-12,GLD,60.7062
2024-03-13,GLD,60.6996
2024-03-14,GLD,60.6986
2024-03-15,GLD,60.7032
2024-03-16,GLD,60.7131
2024-03-17,GLD,60.7283
2024-03-18,GLD,60.7484
2024-03-19,GLD,60.7732
2024-03-20,GLD,60.8022
2024-03-21,GLD,60.8352
2024-03-22,GLD,60.8718
2024-03-23,GLD,60.9115
2024-03-24,GLD,60.954
2024-03-25,GLD,60.9987
2024-03-26,GLD,61.0452
2024-03-27,GLD,61.093
2024-03-28,GLD,61.1416
2024-03-29,GLD,61.1905
2024-03-30,GLD,61.2392
2024-03-31,GLD,61.2873
2024-04-01,GLD,61.3343
2024-04-02,GLD,61.3797
2024-04-03,GLD,61.423
2024-04-04,GLD,61.4639
2024-04-05,GLD,61.502
2024-04-06,GLD,61.5368
2024-04-07,GLD,61.5682
2024-04-08,GLD,61.5957
2024-04-09,GLD,61.6191
2024-04-10,GLD,61.6383
2024-04-11,GLD,61.6531
2024-04-12,GLD,61.6633
2024-04-13,GLD,61.6689
2024-04-14,GLD,61.6698
2024-04-15,GLD,61.6662
2024-04-16,GLD,61.658
2024-04-17,GLD,61.6454
2024-04-18,GLD,61.6286
2024-04-19,GLD,61.6077
2024-04-20,GLD,61.5831
2024-04-21,GLD,61.555
2024-04-22,GLD,61.5238
2024-04-23,GLD,61.4898
2024-04-24,GLD,61.4535
2024-04-25,GLD,61.4152
2024-04-26,GLD,61.3755
2024-04-27,GLD,61.3348
2024-04-28,GLD,61.2935
2024-04-29,GLD,61.2523
2024-04-30,GLD,61.2116
2024-05-01,GLD,61.1719
2024-05-02,GLD,61.1337
2024-05-03,GLD,61.0976
2024-05-04,GLD,61.064
2024-05-05,GLD,61.0335
2024-05-06,GLD,61.0064
2024-05-07,GLD,60.9832
2024-05-08,GLD,60.9644
2024-05-09,GLD,60.9502
2024-05-10,GLD,60.9412
2024-05-11,GLD,60.9375
2024-05-12,GLD,60.9395
2024-05-13,GLD,60.9473
2024-05-14,GLD,60.9613
2024-05-15,GLD,60.9816
2024-05-16,GLD,61.0081
2024-05-17,GLD,61.0411
2024-05-18,GLD,61.0806
2024-05-19,GLD,61.1264
2024-05-20,GLD,61.1785
2024-05-21,GLD,61.2368
2024-05-22,GLD,61.3011
2024-05-23,GLD,61.3711
2024-05-24,GLD,61.4467
2024-05-25,GLD,61.5274
2024-05-26,GLD,61.6129
2024-05-27,GLD,61.7028
2024-05-28,GLD,61.7967
2024-05-29,GLD,61.8941
2024-05-30,GLD,61.9945
2024-05-31,GLD,62.0974
2024-06-01,GLD,62.2021
2024-06-02,GLD,62.3082
2024-06-03,GLD,62.4151
2024-06-04,GLD,62.522
2024-06-05,GLD,62.6285
2024-06-06,GLD,62.7339
2024-06-07,GLD,62.8375
2024-06-08,GLD,62.9388
2024-06-09,GLD,63.0372
2024-06-10,GLD,63.1321
2024-06-11,GLD,63.2229
2024-06-12,GLD,63.3092
2024-06-13,GLD,63.3903
2024-06-14,GLD,63.4658
2024-06-15,GLD,63.5354
2024-06-16,GLD,63.5986
2024-06-17,GLD,63.655
2024-06-18,GLD,63.7044
2024-06-19,GLD,63.7466
2024-06-20,GLD,63.7813
2024-06-21,GLD,63.8084
2024-06-22,GLD,63.8279
2024-06-23,GLD,63.8397
2024-06-24,GLD,63.8439
2024-06-25,GLD,63.8405
2024-06-26,GLD,63.8298
2024-06-27,GLD,63.8118
2024-06-28,GLD,63.787
2024-06-29,GLD,63.7555
2024-06-30,GLD,63.7178
2024-07-01,GLD,63.6742
2024-07-02,GLD,63.6252
2024-07-03,GLD,63.5712
2024-07-04,GLD,63.5127
2024-07-05,GLD,63.4504
2024-07-06,GLD,63.3847
2024-07-07,GLD,63.3162
2024-07-08,GLD,63.2454
2024-07-09,GLD,63.1731
2024-07-10,GLD,63.0998
2024-07-11,GLD,63.026
2024-07-12,GLD,62.9523
2024-07-13,GLD,62.8794
2024-07-14,GLD,62.8078
2024-07-15,GLD,62.7381
2024-07-16,GLD,62.6706
2024-07-17,GLD,62.606
2024-07-18,GLD,62.5447
2024-07-19,GLD,62.487
2024-07-20,GLD,62.4335
2024-07-21,GLD,62.3844
2024-07-22,GLD,62.34
2024-07-23,GLD,62.3005
2024-07-24,GLD,62.2663
2024-07-25,GLD,62.2375
2024-07-26,GLD,62.2141
2024-07-27,GLD,62.1962
2024-07-28,GLD,62.1839
2024-07-29,GLD,62.1772
2024-07-30,GLD,62.1759
2024-07-31,GLD,62.1799
2024-08-01,GLD,62.1891
2024-08-02,GLD,62.2033
2024-08-03,GLD,62.2222
2024-08-04,GLD,62.2456
2024-08-05,GLD,62.273
2024-08-06,GLD,62.3042
2024-08-07,GLD,62.3387
2024-08-08,GLD,62.3762
2024-08-09,GLD,62.4162
2024-08-10,GLD,62.4582
2024-08-11,GLD,62.5018
2024-08-12,GLD,62.5465
2024-08-13,GLD,62.5918
2024-08-14,GLD,62.6371
2024-08-15,GLD,62.682
2024-08-16,GLD,62.7261
2024-08-17,GLD,62.7688
2024-08-18,GLD,62.8096
2024-08-19,GLD,62.8481
2024-08-20,GLD,62.884
2024-08-21,GLD,62.9167
2024-08-22,GLD,62.946
2024-08-23,GLD,62.9715
2024-08-24,GLD,62.9929
2024-08-25,GLD,63.01
2024-08-26,GLD,63.0226
2024-08-27,GLD,63.0304
2024-08-28,GLD,63.0335
2024-08-29,GLD,63.0317
2024-08-30,GLD,63.025
2024-08-31,GLD,63.0135
2024-09-01,GLD,62.9972
2024-09-02,GLD,62.9763
2024-09-03,GLD,62.9509
2024-09-04,GLD,62.9214
2024-09-05,GLD,62.8879
2024-09-06,GLD,62.8507
2024-09-07,GLD,62.8103
2024-09-08,GLD,62.767
2024-09-09,GLD,62.7213
2024-09-10,GLD,62.6735
2024-09-11,GLD,62.6242
2024-09-12,GLD,62.5739
2024-09-13,GLD,62.523
2024-09-14,GLD,62.4722
2024-09-15,GLD,62.4219
2024-09-16,GLD,62.3727
2024-09-17,GLD,62.3251
2024-09-18,GLD,62.2797
2024-09-19,GLD,62.2369
2024-09-20,GLD,62.1974
2024-09-21,GLD,62.1614
2024-09-22,GLD,62.1297
2024-09-23,GLD,62.1025
2024-09-24,GLD,62.0802
2024-09-25,GLD,62.0634
2024-09-26,GLD,62.0522
2024-09-27,GLD,62.0471
2024-09-28,GLD,62.0482
2024-09-29,GLD,62.0558
2024-09-30,GLD,62.0701
2024-10-01,GLD,62.0912
2024-10-02,GLD,62.1191
2024-10-03,GLD,62.1539
2024-10-04,GLD,62.1956
2024-10-05,GLD,62.2441
2024-10-06,GLD,62.2993
2024-10-07,GLD,62.361
2024-10-08,GLD,62.429
2024-10-09,GLD,62.5031
2024-10-10,GLD,62.5828
2024-10-11,GLD,62.668
2024-10-12,GLD,62.7582
2024-10-13,GLD,62.8529
2024-10-14,GLD,62.9516
2024-10-15,GLD,63.054
2024-10-16,GLD,63.1594
2024-10-17,GLD,63.2672
2024-10-18,GLD,63.377
2024-10-19,GLD,63.488
2024-10-20,GLD,63.5997
2024-10-21,GLD,63.7115
2024-10-22,GLD,63.8226
2024-10-23,GLD,63.9326
2024-10-24,GLD,64.0407
2024-10-25,GLD,64.1463
2024-10-26,GLD,64.2488
2024-10-27,GLD,64.3478
2024-10-28,GLD,64.4424
2024-10-29,GLD,64.5324
2024-10-30,GLD,64.6171
2024-10-31,GLD,64.6961
2024-11-01,GLD,64.769
2024-11-02,GLD,64.8354
2024-11-03,GLD,64.895
2024-11-04,GLD,64.9475
2024-11-05,GLD,64.9927
2024-11-06,GLD,65.0304
2024-11-07,GLD,65.0606
2024-11-08,GLD,65.0831
2024-11-09,GLD,65.098
2024-11-10,GLD,65.1053
2024-11-11,GLD,65.1052
2024-11-12,GLD,65.0978
2024-11-13,GLD,65.0834
2024-11-14,GLD,65.0622
2024-11-15,GLD,65.0346
